{
  "gdp_per_capita": 74585.5224096294,
  "population": 168466.0,
  "gdp_growth": 3.71500590367266,
  "income_level": "High income"
}