{
  "gdp_per_capita": 22832.895498987,
  "population": 156263.0,
  "gdp_growth": 5.02690015475606,
  "capital_city": "Willemstad",
  "income_level": "High income",
  "forest_area_pct": 0.157657657657658,
  "co2_per_capita": 11.920108,
  "manufacturing_pct_gdp": 2.91971507138824,
  "edu_expenditure_pct_gdp": 5.44313725490196,
  "renewable_energy_pct": 2.8,
  "energy_use_kg_pc": 3589.15943824479,
  "fossil_fuel_energy_pct": 0.0,
  "electric_power_kwh_pc": 5276.29417926468,
  "tourist_arrivals": 1293000.0,
  "broadband_subscriptions": 31.5126707545287,
  "mobile_subscriptions": 93.7975591472655,
  "urban_population_pct": 91.4727714986125,
  "urban_population_growth": 0.233941173156716,
  "access_to_electricity_pct": 100.0,
  "access_to_water_pct": 100.0,
  "industry_value_added_pct": 12.1862860339518,
  "fdi_inflow_pct_gdp": 4.34710595121915,
  "container_port_teu": 98100.0
}